{"r2_score": 0.9967403022569256, "mse_score": 124.08788228841014, "pos_max_err": 111.40402064366975, "neg_max_err": -81.90992036208837, "interval": 0.036435015086232314}