{"r2_score": 0.997706040537799, "mse_score": 87.32483627500622, "pos_max_err": 110.84723583591159, "neg_max_err": -81.09349819259643, "interval": 0.036435015086232314}